Advisory,Synopsis,Severity,Products,Publish Date
RHSA-2024:0006,"Security Advisory",Important,"Red Hat Enterprise Linux",2025-07-17
RHSA-2024:0009,"Security Advisory",Important,"Red Hat Enterprise Linux",2025-07-17
RHSA-2024:0013,"Security Advisory",Important,"Red Hat Enterprise Linux",2025-07-17
RHSA-2024:0113,"Security Advisory",Important,"Red Hat Enterprise Linux",2025-07-17
RHSA-2024:0116,"Security Advisory",Moderate,"Red Hat Enterprise Linux",2025-07-17
RHSA-2024:0265,"Security Advisory",Important,"Red Hat Enterprise Linux",2025-07-17
RHSA-2024:0412,"Security Advisory",Important,"Red Hat Enterprise Linux",2025-07-17
RHSA-2024:0464,"Security Advisory",Moderate,"Red Hat Enterprise Linux",2025-07-17
RHSA-2024:0562,"Security Advisory",Important,"Red Hat Enterprise Linux",2025-07-17
RHSA-2024:0580,"Security Advisory",Moderate,"Red Hat Enterprise Linux",2025-07-17
RHSA-2024:0594,"Security Advisory",Moderate,"Red Hat Enterprise Linux",2025-07-17
RHSA-2024:0606,"Security Advisory",Moderate,"Red Hat Enterprise Linux",2025-07-17
RHSA-2024:0614,"Security Advisory",Important,"Red Hat Enterprise Linux",2025-07-17
RHSA-2024:0647,"Security Advisory",Moderate,"Red Hat Enterprise Linux",2025-07-17
RHSA-2024:0724,"Security Advisory",Important,"Red Hat Enterprise Linux",2025-07-17
RHSA-2024:0757,"Security Advisory",Important,"Red Hat Enterprise Linux",2025-07-17
RHSA-2024:0764,"Security Advisory",Important,"Red Hat Enterprise Linux",2025-07-17
RHSA-2024:0811,"Security Advisory",Moderate,"Red Hat Enterprise Linux",2025-07-17
RHSA-2024:0853,"Security Advisory",Unknown,"Red Hat Enterprise Linux",2025-07-17
RHSA-2024:0894,"Security Advisory",Moderate,"Red Hat Enterprise Linux",2025-07-17
RHSA-2024:0897,"Security Advisory",Important,"Red Hat Enterprise Linux",2025-07-17
RHSA-2024:0930,"Security Advisory",Important,"Red Hat Enterprise Linux",2025-07-17
RHSA-2024:0974,"Security Advisory",Important,"Red Hat Enterprise Linux",2025-07-17
RHSA-2024:1130,"Security Advisory",Moderate,"Red Hat Enterprise Linux",2025-07-17
RHSA-2024:1249,"Security Advisory",Important,"Red Hat Enterprise Linux",2025-07-17
RHSA-2024:1332,"Security Advisory",Important,"Red Hat Enterprise Linux",2025-07-17
RHSA-2024:1404,"Security Advisory",Important,"Red Hat Enterprise Linux",2025-07-17
RHSA-2024:1488,"Security Advisory",Critical,"Red Hat Enterprise Linux",2025-07-17
RHSA-2024:1510,"Security Advisory",Important,"Red Hat Enterprise Linux",2025-07-17
RHSA-2024:1614,"Security Advisory",Important,"Red Hat Enterprise Linux",2025-07-17
RHSA-2024:1644,"Security Advisory",Important,"Red Hat Enterprise Linux",2025-07-17
RHSA-2024:1647,"Security Advisory",Important,"Red Hat Enterprise Linux",2025-07-17
RHSA-2024:1677,"Security Advisory",Important,"Red Hat Enterprise Linux",2025-07-17
RHSA-2024:1785,"Security Advisory",Unknown,"Red Hat Enterprise Linux",2025-07-17
RHSA-2024:1786,"Security Advisory",Important,"Red Hat Enterprise Linux",2025-07-17
RHSA-2024:1802,"Security Advisory",Important,"Red Hat Enterprise Linux",2025-07-17
RHSA-2024:1878,"Security Advisory",Moderate,"Red Hat Enterprise Linux",2025-07-17
RHSA-2024:1881,"Security Advisory",Moderate,"Red Hat Enterprise Linux",2025-07-17
RHSA-2024:1916,"Security Advisory",Important,"Red Hat Enterprise Linux",2025-07-17
RHSA-2024:1919,"Security Advisory",Moderate,"Red Hat Enterprise Linux",2025-07-17